,reliable_sensor1,reliable_sensor2,reliable_sensor3,reliable_sensor4,unreliable_sensor1,unreliable_sensor2,unreliable_sensor3,unreliable_sensor4
0,0.48812994585589337,0.1320283215326947,0.34152436484798,0.48479800083298624,0.4273219491878384,0.3935860058309038,0.5393586005830904,0.04623073719283632
1,0.5118700541441066,0.8679716784673053,0.65847563515202,0.5152019991670138,0.5726780508121616,0.6064139941690962,0.4606413994169096,0.9537692628071637
